motif_id	motif_alt_id	sequence_name	start	stop	strand	score	p-value	q-value	matched_sequence
MA0139.1	CTCF	hg38:chr11:189622-190360	193	211	-	22.7377	1.01e-08	1.3e-05	GCGCCAGCAGGGGGCGCTG
MA0139.1	CTCF	hg38:chr11:189622-190360	557	575	-	18.4426	3.47e-07	0.000225	CTGCCAGCAGGGGGCGTAC
MA0139.1	CTCF	hg38:chr11:189622-190360	76	94	-	17.082	8.61e-07	0.000372	CTGCAAGCAGGGGGCGCCC
MA0139.1	CTCF	hg38:chr11:189622-190360	375	393	-	16.1148	1.57e-06	0.00051	CGGCCAGAAGAGGGCGTGC
MA0139.1	CTCF	hg38:chr11:189622-190360	436	454	-	14.6885	3.61e-06	0.000937	TTGCCAGCAGGGGTCGTGC
MA0139.1	CTCF	hg38:chr11:189622-190360	135	153	-	13.6393	6.42e-06	0.00139	TCGCTAGCAGGGGGCGCAC
MA0139.1	CTCF	hg38:chr11:189622-190360	496	514	-	13.0492	8.75e-06	0.00162	CTGCCAGCAGGCGGCGTAC
MA0139.1	CTCF	hg38:chr11:189622-190360	618	636	-	11.6393	1.77e-05	0.00288	CTGCCCGCAGGTGGCGTGC
MA0139.1	CTCF	hg38:chr11:189622-190360	252	270	-	9.62295	4.52e-05	0.00652	CTGCCTGCAGGCGGCGTGC
MA0139.1	CTCF	hg38:chr11:189622-190360	569	587	+	9.11475	5.65e-05	0.00733	CTGGCAGCTGGGGACACTG
MA0139.1	CTCF	hg38:chr11:189622-190360	508	526	+	8.06557	8.83e-05	0.0104	CTGGCAGCTGAGGACACTG

# FIMO (Find Individual Motif Occurrences): Version 5.0.4 compiled on Jan 26 2019 at 03:53:39
# The format of this file is described at http://meme-suite.org//doc/fimo-output-format.html.
# fimo --oc . --verbosity 1 --thresh 1.0E-4 MA0139.1.meme chr11_189622-190360.fasta
